{
  "providers": {
    "awscloudformation": {
      "AuthRoleName": "amplify-amplify56916116b59b4-staging-93622-authRole",
      "UnauthRoleArn": "arn:aws:iam::654654231878:role/amplify-amplify56916116b59b4-staging-93622-unauthRole",
      "AuthRoleArn": "arn:aws:iam::654654231878:role/amplify-amplify56916116b59b4-staging-93622-authRole",
      "Region": "eu-north-1",
      "DeploymentBucketName": "amplify-amplify56916116b59b4-staging-93622-deployment",
      "UnauthRoleName": "amplify-amplify56916116b59b4-staging-93622-unauthRole",
      "StackName": "amplify-amplify56916116b59b4-staging-93622",
      "StackId": "arn:aws:cloudformation:eu-north-1:654654231878:stack/amplify-amplify56916116b59b4-staging-93622/7ab7a440-e766-11ee-953c-0ae3a3291e48",
      "AmplifyAppId": "dvik35ukst94c"
    }
  },
  "function": {
    "greetingfunction": {
      "build": true,
      "providerPlugin": "awscloudformation",
      "service": "Lambda",
      "lastBuildTimeStamp": "2024-03-21T09:53:04.550Z",
      "lastBuildType": "PROD",
      "lastPackageTimeStamp": "2024-03-21T09:53:04.665Z",
      "distZipFilename": "greetingfunction-745553786e39454c5237-build.zip",
      "s3Bucket": {
        "deploymentBucketName": "amplify-amplify56916116b59b4-staging-93622-deployment",
        "s3Key": "amplify-builds/greetingfunction-745553786e39454c5237-build.zip"
      },
      "providerMetadata": {
        "s3TemplateURL": "https://s3.amazonaws.com/amplify-amplify56916116b59b4-staging-93622-deployment/amplify-cfn-templates/function/greetingfunction-cloudformation-template.json",
        "logicalId": "functiongreetingfunction"
      },
      "lastPushTimeStamp": "2024-03-21T09:54:41.059Z",
      "output": {
        "LambdaExecutionRoleArn": "arn:aws:iam::654654231878:role/itineraryplannerLambdaRolebf27f5f1-staging",
        "Region": "eu-north-1",
        "Arn": "arn:aws:lambda:eu-north-1:654654231878:function:greetingfunction-staging",
        "Name": "greetingfunction-staging",
        "LambdaExecutionRole": "itineraryplannerLambdaRolebf27f5f1-staging"
      },
      "lastPushDirHash": "ZiHbVS1BIrzuB7zxd2lZEUiTpig="
    }
  },
  "api": {
    "api": {
      "service": "API Gateway",
      "providerPlugin": "awscloudformation",
      "dependsOn": [
        {
          "category": "function",
          "resourceName": "greetingfunction",
          "attributes": [
            "Name",
            "Arn"
          ]
        }
      ],
      "providerMetadata": {
        "s3TemplateURL": "https://s3.amazonaws.com/amplify-amplify56916116b59b4-staging-93622-deployment/amplify-cfn-templates/api/api-cloudformation-template.json",
        "logicalId": "apiapi"
      },
      "lastPushTimeStamp": "2024-03-21T09:54:41.059Z",
      "output": {
        "ApiName": "api",
        "RootUrl": "https://nkkkjzt53h.execute-api.eu-north-1.amazonaws.com/staging",
        "ApiId": "nkkkjzt53h"
      },
      "lastPushDirHash": "Sw+uWmuV4lZiFhxj7IMqmxQw0g4="
    }
  }
}