{
  "api": {
    "api": {
      "dependsOn": [
        {
          "attributes": [
            "Name",
            "Arn"
          ],
          "category": "function",
          "resourceName": "greetingfunction"
        }
      ],
      "providerPlugin": "awscloudformation",
      "service": "API Gateway"
    }
  },
  "function": {
    "greetingfunction": {
      "build": true,
      "providerPlugin": "awscloudformation",
      "service": "Lambda"
    }
  },
  "parameters": {
    "AMPLIFY_function_greetingfunction_deploymentBucketName": {
      "usedBy": [
        {
          "category": "function",
          "resourceName": "greetingfunction"
        }
      ]
    },
    "AMPLIFY_function_greetingfunction_s3Key": {
      "usedBy": [
        {
          "category": "function",
          "resourceName": "greetingfunction"
        }
      ]
    }
  }
}